PRAGMA defer_foreign_keys=TRUE;
CREATE TABLE d1_migrations(
		id         INTEGER PRIMARY KEY AUTOINCREMENT,
		name       TEXT UNIQUE,
		applied_at TIMESTAMP DEFAULT CURRENT_TIMESTAMP NOT NULL
);
INSERT INTO "d1_migrations" VALUES(1,'0001_init.sql','2026-01-02 20:38:56');
INSERT INTO "d1_migrations" VALUES(2,'0002_add_monotributo_fields.sql','2026-01-02 20:38:56');
INSERT INTO "d1_migrations" VALUES(3,'0003_add_default_account.sql','2026-01-02 23:11:16');
CREATE TABLE users (
  id TEXT PRIMARY KEY,
  email TEXT UNIQUE NOT NULL,
  password_hash TEXT NOT NULL,
  created_at INTEGER NOT NULL DEFAULT (unixepoch())
);
INSERT INTO "users" VALUES('80d0e294-391d-4b36-b4b2-4d0ee778eb9b','gusbrey@gmail.com','eaef2c4e318cc0ad5d7a9d86f4bbfb6ebfcbf97c6ae16ca116c0de3c4a383530',1767362600);
CREATE TABLE arca_accounts (
  id TEXT PRIMARY KEY,
  user_id TEXT NOT NULL,
  name TEXT NOT NULL,
  api_key_encrypted TEXT NOT NULL,
  api_token_encrypted TEXT, 
  cuit TEXT, 
  afip_username_encrypted TEXT, 
  afip_password_encrypted TEXT, 
  cert_encrypted TEXT, 
  key_encrypted TEXT, 
  provider TEXT NOT NULL DEFAULT 'afip_sdk', 
  created_at INTEGER NOT NULL DEFAULT (unixepoch()), is_default INTEGER DEFAULT 0,
  FOREIGN KEY (user_id) REFERENCES users(id) ON DELETE CASCADE
);
INSERT INTO "arca_accounts" VALUES('e3adcd8c-c9c2-4d43-91de-d1ed0207473e','80d0e294-391d-4b36-b4b2-4d0ee778eb9b','Gus Cuit','Jmmb3kFFr+AEgoCGlApcgVAJL4AwEVZnrdhcMg==','OHzoSVdNBKgIwpulIGqdI4A0nh63NCeHf0dEifoGVNW+8fQO31CAR+w8dRDhvdHymAPFfe4iJnCBJlNKw9TXy/06BmTzAJ6Z6jRj0eilmVEOsc/NmH47yMJw2lo=','20285054908','jwsQ4guoO5VTq2wc954u6MnbJuOKVjZYowHJWe62aYshOVu8aZwv','EdS62kXUmyHcRLptT3MJysXjCGI9jYbembitO5JUtbsDr1NXvcQYYuE=','S1nCuK3NQ5FlthcAm144jY1a2n7oGJ18GbutO3SS2cUGS/+KAcAFofsgHJPoLRS7icLztbLxlttWUf+PaX4T1/d4YLnZBzO23uLcNJCBeTome0ujxSNP1dbnkK3T5kALDaCl4S/kRK3GTogy/pEy7/hghYqpzjemuI2XR/nbSEcrJEQWMjcu/JRn1a87iikWxW8k/YexkY6Nf5fUBR7drUSCkPbAOFNoXFkbc92Vmsojux0pvvcR295rzH7ZEUYD9ghWUzgF/eEMQGVvHZofzFuTMfDhoKytiNEBiNKkvcgVRIq1rvyBeLPVYHGpV53ac4mMj85qNcYiCf07IcnoweO/Ki8SCvuBXwqh+z3Y3rMeWPEhWj1tohNqOWjJYLoM+s54rQFz0RWZ0Zx7Gr4MafcM9duT+N914jzCIJdetMj00l/CYqo7HJysUvvKi39uvIIIKqpKu8Z6AGsHOlMINch1rgeaf9ao/KMmvWSOWJSiNN57pYwV4QuTFEh8oLiKD0vkB7/qfX6c6yYeEERvwIm8Pa1TfsG1fnezXS2xc9bq8vaUPMm46BbI5AfNJR0nVdLVeoKmSD4hnA+Ua9B/I/uKmMACb0ukcQPZLo9wM1yXC/133nIZ9N0dXt1sXV79Ebsp0XRXqDMv3SBlvfZFBDj69kkirHdeVIdmO0ajRdP8ZCQSL2CZyZGrm0DTsc1KniNraCV7P1W1qUD1awJV+4VtcpPfkZuNWqv7SfEgDZ9XCeHqG6fI7XXP5mg5kC0uFrzBMrYPoOiLMlxJtrjV3hO72FFrRAg7TayJxyA+xXGa3Zdb2APWP0P8Jfzb+MnVS9+1VruhJUDGKM5Z2Su2DwD30mbnJWiqSHmwHrPzbcb1jFo8UdThBUs5Pu9LOoc1sVe75iHWSRswztr1RI/v8eUZko7mmzWEpuRKs5bVHaJdoAwcz2MiUYX1x2zwD4Fz5LdW8no9CosbMNjnWhAYpxgdKAAsrem+XuITUA29/4oe3pFE7vgADZNfr953GZLnpRRrVu0PeAiU/7A2ggS5UCQxGhJofh4k8I16So2GB1auHNG8mnH/iErJofi+ZvgB1icylECuaLGyFR7LZ0WArDZbZCB1oYtvkGVghce5U1WFOS2p+w0PYFWpkU1NM9qGlEnID73e85iWYk5VkefiWNaYNQ1ShW+5hZgwPnCMqcxs3HGuzLBIKD4WmFNwoVFn/hz483Swzxqro3vKMtCWo++AoQ3E2DG6D/thmj+YQaTsJAp491k+KULvlcries3kq6Vh00grI2X7Xeee8Hm6OX9piwyQBw/oewk+htPNRx6cx+oj8wV21MZ4OkVbmGBCSP9ptpK+wCRvXKvwDo+SiX/ODqw15aXIQoJbcUzLxHZ4B4AeNdI+0+OwPhk3Ra58zlCYL4yE+IL9VVQ/KA0huKFUsYmI1RX/cQKtjRIbKJ0pjHvFbNFx3BDA7J9s/cuF5k4dfBwUIt3/JFyFnbsW4sHvqyi7m6XJ/8CokSl/SOqroBODciC7A2CtxLH5Zw8v1jvN3A7b0GVSReDnTASL4R9xVB93SfijYwatJl6vVqi7nO45O7qbki22weiN9BB3BcM/tn36ysaWugcUa0OY1g4ldEVxv2nhU60kej6nTiA=','UtBgzCL7vR05k03NAciCAK6kO1L7P/IoxqZoCv/z5fD/mG9Tdxy5L52slmtTRMaX4BzE3XhpeZPV/LyWMlR35O3C5+CMs8DP/V122nJVNDwmpfrmqtXGOT8KApNLlpLXxMP9eUSYHGUBcGsrVszR7c3tkb5cgIF4sUIrrWRHQQ3v9BXwRE537sVSbUdwACBkzP8kU2LG1SuHkk7mHnLFe8tpBC1MJk/FbyBPwobiA+J+cg27+199X3RYWa+yRioM9/GSuTZ4GIMsyZE+xA40+KMPEy0EYXlmVjntFgwYza+Fp4GpYaZk7zWEE32JSEtzxPighMHXRsGTpWvgEJJp4F8Y4IecY5CPstzb72Lp07pl/ZAto7SLBmD/PZ8CD+6XNTXgbGbj40ZyEQOn4h87zMxZoB5GkR5sWiYWNVOQ740gH8LFfdwF/zUu3JjNq0+e2V+S2k/5yYP7cCR6hO377fLxorM7cgnZ/TIcFTjAVnRGYQ/zx81Ye9u04/MLGDD1cLpUZcZFwxJSxTBVZF5aNsT5TUbmtuukTQzhhQzeV2S0LHyfDKD1bT8mrYFeyOGB+mHqCZZU13AerYwziRNGLU0PfNl7TOszuma+pwGjAWg9wpa5qfIVeWp+PG8tFJ/EU7imULeI8/es3LjHcEA8BgKRsrZ4wuwl8fdGGo1Sus5sE6SIWPEb6SSKptQRV5WAREF98yraAHXob+9xaLC3xsGnBJax0ss9mwGECYDqu1fxzpJUhkV//Q4isMsIHQ90tafcdHLIaWmlH9zaO/WsJSHffBQKxGgwvZSC0J4Di6cP61W5ewLW8dLUizPxVljWDf9R85YEYQ690wB7DdWJR/l9U6ngzw9qEs/AWL78vlyZkcAmZnd7s5quD0u4y2jdjd1c8yfrfVDxGwPAYJLsEYPqdHt+5M5Gpqq+QzAnc8/r/gy5UWNCcJdBAI6F5P8F99ntnJTYoE9UYsXqskxTVYNXtKCVJiNkM6sPwlCSQ+20apF/U/jYp2ABEAnAMmzYzJcE7E1NZE7LikhIfv0OIlaiYDNaCNV6ya5aB8mM5pmEitu5KQy3r5haE/BMhgwR+bzd/Cd0GrJ7wFpOLJDR4ZxLxL+xxoSVebGZU+eRY/sAkYqXatc9ocJ7LPcBfdWpGzqA4sUq7QwbIq5fyEsT+Qfn0hGM66s2c1rjRHWY13HswNpbpw1wlSMrRJZorX70AKFKq2muu0D3kwwamLvyfiImQTHanOdMNrF6E30yGy9sKAvjJFHQwkiSTZnwesY18k0vRxaWU+U8Gl5o9kTpgSc5Tr2y69WM2blq4b2gBZBuUfa4LPLj6A+kds16M5rm7qoZL9aD8C+JPUvBbtKbEO7IK6ZB0CyRS5YVRwfjPHI3Gx2tOPItLtiiTR43eF1JtVfxNRRRhSnTs75z8S6iAfDI7mz1MaPjbrS8CIdvJj85sLU+fUmtXuiZloItrvinKDF8zdcfT7mDJ2K9ZQ6ExmvsB2BzN9MUfstC1Ays1L/YZEFLA8SFdrtRnTn1vPNGjuIaIo8f1rNNwHhGO+BGxlOUcR9sg6rWTNaQCKqj0LYu2DAYK7QezX0B+ZVrTJCtq8DJJ0LvQw0/u1TdJ7ErI54+LU+KzdA2QSzTUGzexcjcbKpAT4od75+gEH1NhC0FLROAL63bRwDu0+uKEWUuJmoBQAZzPvbtN9MWca9q+osOFzSdCkTbUqxtPgrmPs6QkpIRneDB089sRKtDoEDbYH2boszexpcBuY5TqJ/JGedgBD9VuQx1fDwVfjYDf3zV/V86HnkTy+8cJuuSymyZyp0RrnbBb5Z2gTWYir457GYomiIu2iCxCrV/kmZ2YjZsoEO0mbFQnLqdwFsVIIue/tdmu41WZtY45ivmgJm1b3Hj5L7QyB8IXIChUb478hL/61nB1jc4sEksoLP/8LVIi8KLZlwq6z5uD2K5LUdvNcJdKVSotpfiV2slmlNyt4AAcZMhXotKSAXtNPulNXUgDVVmMIfnT8zIFWPEEpxaC9JvTms90teFZODmKtsbawS8TYOyW9iulPAmLX+lVAnzGjDYN6jIrb0IuEA8N6wzqQxvQDO2NOvt/9ECSwV+uP4lem67M8Qxd/fLBp/6A1N5lAlQxMEewBZVlsyOIMQEa3xAE41HO2N7xbwZ9IF27+pMGZbxkttVlYC4McC89BA8Lr/khYFNWNGNmfl3AirXVB3xpQq/BvECO2R5clus4KHvIbR2iSUESOqrcEq4enG1sCJbCocgmyLw0yFAnTdyPyEfY1gm2EN2VmHMZbJNxNhmxns=','afip_sdk',1767364486,1);
INSERT INTO "arca_accounts" VALUES('b3b5211b-e0fa-4972-93de-c59154f8888f','80d0e294-391d-4b36-b4b2-4d0ee778eb9b','Mechi Cuit','xa/2sF2Ox3YOygigAHfN0DXphts+ene4Fel83A==','sZdZhDMzf0KwyfERmxuTFncSXGzfjSzUK/OBXj71tPSSqVnRxVp5zEsjkzecuJ7jSc0p1kRMIoJYgSTeAOoPktZBFdX7TONxuaXM8tqYVab9XC4VeKSKP57ATiE=','27286080036','Y21iiBRQtWzzTCzVE/JP9vJhUh+Ft/T0LLrNyl4z6erNDmn7YSqH','SaiPSTjH7srJqClD9/FdXYlvLxpdTPk/L383A+z9n9B5iwmiJm5QGc3m','1rvHklHVOYlWhqzQ27p/MvOZHiAiuAeVrl0PxbapSurntMFzxMGzx1k2busFf8U4ucOl4ALkhG7VTFeAeMxqtkVVMdBEGXVPJN4H0xbL5LTwLSLNpb5rt2Jc/lAbkfRUv4rQuH//g6mEnEoieKqqZQ4bGA4duX5OFII3qdY/rePn5yElpnsxQcx4UoyBqEZSkxKSGgpMYdlBt8s3qIW95LFiiAo/tRhLClOFsgnbSudDEkFzLzpiLdngzFoICGzhfxVcf+W2t/WGZnswXZhBIABf86P4fSWTah7eGiYLRc5dAgukbUpjFxUDqS/lm/B+7GrM50Y5XcLxaf/ASKzd1q4SKJOJCeOCR+1+KeW/XJNPKxTiYATZjNoJmlc5OWevaTFcV2zUS0wezBGk7qHqW6OmV+X8U5AAQKcVwY/Cqj4iJUMQV9zK6/GiDBLdqk0GgrdeFdKbbStVbqeejh8yBXar+H+xn5T8+6DGnifEEFYF9CVldt1W2r40scZ96RRqGR+9iIE+Nacwa51pHdkeP3dwuBhG3M/CADodghES7MPQyxiYqtiRK4CNpEHbHC4qlp7g3z5CO0Kv1olhhNHGbiyzEWdZaBbHzQsFhyX2BRaAkwUfnVBIoZr6nZ4U+kOuXZ7CnBMb3vQvGWqAGH4hSJ9Pijv5UOQbfZXrZUNbQaO8/O3Y6OsSmv8rmTtC4HnLPXoZN2HxmSsc5OJ/1G5NnP5tBkc8TjwNemkbidlavQFB2oI5jyBY/w6TCg6yR4JWSHrJ0JJjZy5wjFUTAjVsxQ959Eu8FeFM8uGW09gkHMSqt2QbUVMp0ftjs8GWczeT+XqA5vE4ff/RZ3mpwJ2tmPnQLgXJJUJsp8pcEavAvwarfXqdMUK6C03ET3LwvAFXLannjZpR1Ub1Un1mOkaZ4skNuEROilc915Ovm38N2B5WI4p5oHz2HAMeFxG4YFio7b4IFvMGFphmd72bmb55wEsNenQfIaWKVVrl0lqLxJK5jlvOX8YtEUzoWukMrJzZdzbXI1o5ePpFYAQuTUWXk7shXGdyppYopo6rLeEkKbAs2LQb4YFusz9iwdSTdApmf/WXwZH4aVIjSWJel+lwrO+h0HFajlV++32RJkOAXYbRLTkhtzr7atYKLG7///FhmyeRsp1VmU2lewJLudBh0IEP8vJuwAl17ujsLRD3KoqZXr6xkNJOQ25bsLTEKeD9kicqyxazZqu/Cbj652Irtst8Pwt4TYz8WBfzZakPuY52GHwoGm86ebzGCDLlYM0ifNlgFubdmRZvv+I2+7aVwiqNN6uyEJwua5GKtgOffTT1/ak/r1h2C3Mqf0C5YEIu73sqWe/zNky1zHVBnhMfgUfKG7TakCFjWWPNYHBHSi5SC9G5G6QW3EXARWjHKUrv0mHUp2XzmCSL7S/twtuNh8CybbV7pmB6dSX3Nka13XFPCi72Z8RtUsYRWoBF57obesX+UUumgEiNQzn2TN3t9+vqNVahIBXDsy3evwyJIWlml2lYy/YCiqT5exINnP4nI8z8nye9pmJZBGIIO6X+u4KuookmC7I5gk7CvXKjfTxzsbePrCImgHOyd3FOuDyPFZwoa5sxIGARsgb61rIbPJH1wpbOsGhRAQk5bWHdqL5OKZ4u','ZwC/Qq5OLxvVFJ6xvUjCBKpKi1GfEY6QvzlfR2MgqZv7mD0uaa2uZmlp98BZs24wLCnToIXjbp0086cgrPNnIXPTjVI7Ev5Nz2v8+mRRyPvDLHL9MqYOFiyBwlXA8wZlhXSgxmZUMZs1HS+5zAqVgr7yTvYZpUqmnMGcceH21KEftDpped9UYLu5QltjNqvOfOcTH6OhPngjX8T24FCh8pqfBeNx35PEMyyonUCHkmE8gKxrUB+DjLwg4b8gyljQk4I4J4pkuZUFBpYpTvI6HUEwRfnIU04J1f+8/+J/g01BnjLgEhdNUYVJ8BxERFiO1PnwsKkKhqLpgC/yvmPyrxCVVqx52AWNdrynjRAjyAOFfiT+/9CMWRQ4tXnI85CjcwZs9wgz/PBZnVegrlzIoCX95OjMIGYOhQFwYjd2+lvb1pWmi0Fdp0MxOFb5LXwtsKQXtGFHmVU4riOcTenyGclEolBuNKr6Ziloyr1iRk5rfKt40BVRCYFNs4UHbe3oh0wMjFQLd/dmf5RQYCvMfJvjjyonyjXWV5eZW/44tR+EMnOueY9uPLK/XOLhgbwcusxOOtCFwCf7PQhQBe2Jncfo0ChqTBlntzOvJ07ocmxVlfcm/YRL9N3MBncedKICHc3nF1jE6UFJoxq194GVj63d95ydm3Oz8Xz/f4JHKT9pRVD0m3QWQ9LaxgGQNNjPIyTO4VPFPQnEJHIu3c4aEchRwiij5vYUcw4resF9vGnCQ8cN/85ayGIlfwB1o9z/EMZackPYwf/jQsAZ+Zu56llGx1SH6/kAiGRLMtBAhu3mbOtyA1Kad07SgpVIN92PVU7r4KHbBdKQ1Luj6GZ2I7TUbBVJhLwOzN5bZXOP4eKqqHnrlw9bAfZ6sp1HBTBieCgcFUhLC8XtTt17jzz83/6Ka5I9xB7KfelGJjfN/wa2aB1GTY1aYb2pbPN8fQhs6luF/NpJYT9lv2OjmLID6r1t7pUWfzP/X37jrtaE+OOsKbnNzWQ7bHzYzfk52M8klwm/cpFAQH1YwJFMQ35YawkZO0VJyooT0wXDwUynMkd15pbxMULy8II6146wiOV1lSEJlcTFeuwdMrmBv6GQW0eBrtLdJkdrzMew6iwc2mdaxBseZBbuuGye5VSOZPN990+EjxmS768RymltTZPMB766SD5A3O2C3oZI77SYBYHmTkzsV1NVHkapfFyExRUku7wBtHzyiFIobSVybnMwmz2ETBG0d5DuA/EmthrZyaCaIB5cpXKuMdW0ZTk7U0D/5tZ773vPB9sOsyp8Vf4UXa9483hTuSvhMC303j2AwhxRj3rXqVTlJXL7jtpguKZlLUa9PV41l+0a3WUCs1XjXCkZAJ3Seh5IZeN9tNV4FMZOxCqfmBN7yYt/90zBxZYmwG7NXI+kpSxb273ob5KWf3M3pNaPIGhdqxF476Ia6K+Q/0Kyovn+lFSuo4oi/2G0h7IRzsjNTN03wEpo+ePLCdu46fNfABGvBpKI2aX8GqOr/4sPu5jzNhGqz/IJbazYCijy++wNGaIiALKWXm06D8SOmJG+Sj0pMzaFVxKBw++GmSXrNoiFPRaUDlkuRk7xnpsd/B/IzXclNwnPMZXZ5n9sCC/hcBlf5xgF0ouC2NhylCHdcMOUWSBBkbs3uFiAW0wSFfTv2k9dDZykbwYm7dVTJTrZEYg3EbqHfszC3ccqeBniePgy0H6n6bYOTA0Qsw4bU49i8BZMWS99Av4N5wo3fU6tEfiG2hnEZRN3gkm+aDoY5Y+xk9mt3wnMuhXqz0AQT/ZEsDKTdUQEbkFS75xHHEwijUfnARCE6gookzgMRy4y+cEfKP0lV2Rvehm1bZ0x+7O/pdwDPtjp9AQ/EY2/NG/hMwBNBKXustZcvN0lRRE3pjsZ/Lipt5pSLojQU5CpAE6hrDALy0p8SdRwaBu4dMinPFfr+dNVGnAGhFANTMJMVwBzlUU4cs2/ELnz/SA1NmRjRFgnV1mL8kcwbKQd2cYzd7DohmYYts0UeoAXJ9iCyeZ59k1iGWAtFZmDUt8tfgaAzzeyYUE+pcZ1XeVQnsWRba4yf7T2Vt8bQvXJQm9KfrqiEhLXGUNDmccUAhj/f8mVc7B9i5Bb7i5OAF59veh0tVKdBOxLR0OHeZgbuYvoRoU7Z7M0gK14dzmjgRIIR35Z7OTtkxV1zZBRptNn/V/Jil/zIB41cP6lpZTWTEDwBeUu9dWTIAx0ALYhQxuibLL0toA0eFdySaWoFptXhO2Hey31oZHOK/XDoiXZ7mxV7YKBYTPkplqv+yP4sXU=','afip_sdk',1767378697,0);
CREATE TABLE invoices (
  id TEXT PRIMARY KEY,
  arca_account_id TEXT NOT NULL,
  arca_invoice_id TEXT NOT NULL,
  amount REAL NOT NULL,
  date INTEGER NOT NULL,
  description TEXT,
  cached_data TEXT, 
  created_at INTEGER NOT NULL DEFAULT (unixepoch()),
  updated_at INTEGER NOT NULL DEFAULT (unixepoch()),
  FOREIGN KEY (arca_account_id) REFERENCES arca_accounts(id) ON DELETE CASCADE
);
INSERT INTO "invoices" VALUES('04dcb231-4944-4bd2-ad63-3703774626f5','e3adcd8c-c9c2-4d43-91de-d1ed0207473e','11-1-221',5000000,1752105600,'TALENTSYNC S.A.','{"id":"11-1-221","number":"11-1-221","amount":5000000,"date":"2025-07-10T00:00:00.000Z","description":"TALENTSYNC S.A.","status":"authorized","cae":"75288932481090","receptor":"TALENTSYNC S.A.","tipo":"11","cuit":"20285054908"}',1767364851,1767720558);
INSERT INTO "invoices" VALUES('05ba5a02-c1f4-40b3-97b1-034954148410','e3adcd8c-c9c2-4d43-91de-d1ed0207473e','11-1-225',1300000,1756684800,'GRUPO MERCEL S.A.','{"id":"11-1-225","number":"11-1-225","amount":1300000,"date":"2025-09-01T00:00:00.000Z","description":"GRUPO MERCEL S.A.","status":"authorized","cae":"75358393449460","receptor":"GRUPO MERCEL S.A.","tipo":"11","cuit":"20285054908"}',1767364994,1767720560);
INSERT INTO "invoices" VALUES('0652cceb-e886-47ea-8998-ebed6936f4be','e3adcd8c-c9c2-4d43-91de-d1ed0207473e','11-1-229',4240000,1762992000,'TALENTSYNC S.A.','{"id":"11-1-229","number":"11-1-229","amount":4240000,"date":"2025-11-13T00:00:00.000Z","description":"TALENTSYNC S.A.","status":"authorized","cae":"75468755299689","receptor":"TALENTSYNC S.A.","tipo":"11","cuit":"20285054908"}',1767364994,1767720561);
INSERT INTO "invoices" VALUES('0f359344-3a6b-44a1-8457-b7d9deb568fc','e3adcd8c-c9c2-4d43-91de-d1ed0207473e','11-1-227',3640000,1759795200,'TALENTSYNC S.A.','{"id":"11-1-227","number":"11-1-227","amount":3640000,"date":"2025-10-07T00:00:00.000Z","description":"TALENTSYNC S.A.","status":"authorized","cae":"75408980336180","receptor":"TALENTSYNC S.A.","tipo":"11","cuit":"20285054908"}',1767365122,1767720560);
INSERT INTO "invoices" VALUES('10f23251-4c4b-469f-b09f-8c46e51784c0','e3adcd8c-c9c2-4d43-91de-d1ed0207473e','11-1-220',1300000,1751328000,'GRUPO MERCEL S.A.','{"id":"11-1-220","number":"11-1-220","amount":1300000,"date":"2025-07-01T00:00:00.000Z","description":"GRUPO MERCEL S.A.","status":"authorized","cae":"75268740234852","receptor":"GRUPO MERCEL S.A.","tipo":"11","cuit":"20285054908"}',1767365122,1767720558);
INSERT INTO "invoices" VALUES('116dee22-4e05-4a81-b41c-75214886b353','e3adcd8c-c9c2-4d43-91de-d1ed0207473e','11-1-226',2700000,1759276800,'GRUPO MERCEL S.A.','{"id":"11-1-226","number":"11-1-226","amount":2700000,"date":"2025-10-01T00:00:00.000Z","description":"GRUPO MERCEL S.A.","status":"authorized","cae":"75408260833846","receptor":"GRUPO MERCEL S.A.","tipo":"11","cuit":"20285054908"}',1767364851,1767720560);
INSERT INTO "invoices" VALUES('11a610e0-bbdb-4e6c-addb-8fa6091199f6','e3adcd8c-c9c2-4d43-91de-d1ed0207473e','11-1-231',4375000,1764547200,'TALENTSYNC S.A.','{"id":"11-1-231","number":"11-1-231","amount":4375000,"date":"2025-12-01T00:00:00.000Z","description":"TALENTSYNC S.A.","status":"authorized","cae":"75488042672134","receptor":"TALENTSYNC S.A.","tipo":"11","cuit":"20285054908"}',1767364994,1767720561);
INSERT INTO "invoices" VALUES('138553b1-8149-46c9-a161-120871309897','e3adcd8c-c9c2-4d43-91de-d1ed0207473e','11-1-208',2000000,1736726400,'TALENTSYNC S.A.','{"id":"11-1-208","number":"11-1-208","amount":2000000,"date":"2025-01-13T00:00:00.000Z","description":"TALENTSYNC S.A.","status":"authorized","cae":"75048605177301","receptor":"TALENTSYNC S.A.","tipo":"11","cuit":"20285054908"}',1767365122,1767720555);
INSERT INTO "invoices" VALUES('14126203-3a9f-427e-be0c-d07ff97c80a5','e3adcd8c-c9c2-4d43-91de-d1ed0207473e','11-1-224',5000000,1756684800,'TALENTSYNC S.A.','{"id":"11-1-224","number":"11-1-224","amount":5000000,"date":"2025-09-01T00:00:00.000Z","description":"TALENTSYNC S.A.","status":"authorized","cae":"75358393152033","receptor":"TALENTSYNC S.A.","tipo":"11","cuit":"20285054908"}',1767365122,1767720559);
INSERT INTO "invoices" VALUES('19e518de-edd0-4dd7-9f5a-c0561e7e6a47','e3adcd8c-c9c2-4d43-91de-d1ed0207473e','11-1-230',2650000,1764547200,'GRUPO MERCEL S.A.','{"id":"11-1-230","number":"11-1-230","amount":2650000,"date":"2025-12-01T00:00:00.000Z","description":"GRUPO MERCEL S.A.","status":"authorized","cae":"75488956502830","receptor":"GRUPO MERCEL S.A.","tipo":"11","cuit":"20285054908"}',1767364851,1767720561);
INSERT INTO "invoices" VALUES('1da9e80f-b11c-4b16-965d-5d27d5c4f788','e3adcd8c-c9c2-4d43-91de-d1ed0207473e','11-1-228',2700000,1762128000,'GRUPO MERCEL S.A.','{"id":"11-1-228","number":"11-1-228","amount":2700000,"date":"2025-11-03T00:00:00.000Z","description":"GRUPO MERCEL S.A.","status":"authorized","cae":"75448306856787","receptor":"GRUPO MERCEL S.A.","tipo":"11","cuit":"20285054908"}',1767364851,1767720560);
INSERT INTO "invoices" VALUES('1e811717-7a8b-4832-92e4-2411009a3710','e3adcd8c-c9c2-4d43-91de-d1ed0207473e','11-1-218',1300000,1748736000,'GRUPO MERCEL S.A.','{"id":"11-1-218","number":"11-1-218","amount":1300000,"date":"2025-06-01T00:00:00.000Z","description":"GRUPO MERCEL S.A.","status":"authorized","cae":"75228170095047","receptor":"GRUPO MERCEL S.A.","tipo":"11","cuit":"20285054908"}',1767364994,1767720558);
INSERT INTO "invoices" VALUES('2248b983-88d7-4944-a5f9-4cac56dd8bb0','e3adcd8c-c9c2-4d43-91de-d1ed0207473e','11-1-209',1300000,1738540800,'GRUPO MERCEL S.A.','{"id":"11-1-209","number":"11-1-209","amount":1300000,"date":"2025-02-03T00:00:00.000Z","description":"GRUPO MERCEL S.A.","status":"authorized","cae":"75058992861816","receptor":"GRUPO MERCEL S.A.","tipo":"11","cuit":"20285054908"}',1767364851,1767720555);
INSERT INTO "invoices" VALUES('27c5f559-3d4c-4ea0-95a0-8edc1a9e7373','e3adcd8c-c9c2-4d43-91de-d1ed0207473e','11-1-217',3375000,1746489600,'TALENTSYNC S.A.','{"id":"11-1-217","number":"11-1-217","amount":3375000,"date":"2025-05-06T00:00:00.000Z","description":"TALENTSYNC S.A.","status":"authorized","cae":"75198736499093","receptor":"TALENTSYNC S.A.","tipo":"11","cuit":"20285054908"}',1767365016,1767720557);
INSERT INTO "invoices" VALUES('2ab4a21d-1ded-4be9-b7a4-c1715603445d','e3adcd8c-c9c2-4d43-91de-d1ed0207473e','11-1-213',1300000,1741824000,'TALENTSYNC S.A.','{"id":"11-1-213","number":"11-1-213","amount":1300000,"date":"2025-03-13T00:00:00.000Z","description":"TALENTSYNC S.A.","status":"authorized","cae":"75118706173300","receptor":"TALENTSYNC S.A.","tipo":"11","cuit":"20285054908"}',1767365122,1767720556);
INSERT INTO "invoices" VALUES('35e24247-f8b1-47f5-b1b8-061e43c24bfb','e3adcd8c-c9c2-4d43-91de-d1ed0207473e','11-1-210',150000,1738540800,'CODEBASE S.A.','{"id":"11-1-210","number":"11-1-210","amount":150000,"date":"2025-02-03T00:00:00.000Z","description":"CODEBASE S.A.","status":"authorized","cae":"75058994471449","receptor":"CODEBASE S.A.","tipo":"11","cuit":"20285054908"}',1767364851,1767720555);
INSERT INTO "invoices" VALUES('36933183-1c42-4920-90a4-6e86c8480297','e3adcd8c-c9c2-4d43-91de-d1ed0207473e','11-1-233',5400000,1766102400,'TALENTSYNC S.A.','{"id":"11-1-233","number":"11-1-233","amount":5400000,"date":"2025-12-19T00:00:00.000Z","description":"TALENTSYNC S.A.","status":"authorized","cae":"75518478724102","receptor":"TALENTSYNC S.A.","tipo":"11","cuit":"20285054908"}',1767364851,1767720562);
INSERT INTO "invoices" VALUES('5032828f-e4ec-4a5b-a6d3-3616be24c4c0','e3adcd8c-c9c2-4d43-91de-d1ed0207473e','11-1-214',2051081,1743465600,'TALENTSYNC S.A.','{"id":"11-1-214","number":"11-1-214","amount":2051081,"date":"2025-04-01T00:00:00.000Z","description":"TALENTSYNC S.A.","status":"authorized","cae":"75138879764984","receptor":"TALENTSYNC S.A.","tipo":"11","cuit":"20285054908"}',1767365016,1767720556);
INSERT INTO "invoices" VALUES('521a3850-fb21-4316-882c-fa85a6c88c49','e3adcd8c-c9c2-4d43-91de-d1ed0207473e','11-1-212',1300000,1741132800,'GRUPO MERCEL S.A.','{"id":"11-1-212","number":"11-1-212","amount":1300000,"date":"2025-03-05T00:00:00.000Z","description":"GRUPO MERCEL S.A.","status":"authorized","cae":"75108590789118","receptor":"GRUPO MERCEL S.A.","tipo":"11","cuit":"20285054908"}',1767365016,1767720556);
INSERT INTO "invoices" VALUES('5a339b13-15e4-400f-9195-40373f5d8273','e3adcd8c-c9c2-4d43-91de-d1ed0207473e','11-1-215',1300000,1743465600,'GRUPO MERCEL S.A.','{"id":"11-1-215","number":"11-1-215","amount":1300000,"date":"2025-04-01T00:00:00.000Z","description":"GRUPO MERCEL S.A.","status":"authorized","cae":"75138880404504","receptor":"GRUPO MERCEL S.A.","tipo":"11","cuit":"20285054908"}',1767365122,1767720557);
INSERT INTO "invoices" VALUES('5e8c1719-df15-4eca-ba34-9329590ca42e','e3adcd8c-c9c2-4d43-91de-d1ed0207473e','11-1-219',4000000,1748995200,'TALENTSYNC S.A.','{"id":"11-1-219","number":"11-1-219","amount":4000000,"date":"2025-06-04T00:00:00.000Z","description":"TALENTSYNC S.A.","status":"authorized","cae":"75238606357843","receptor":"TALENTSYNC S.A.","tipo":"11","cuit":"20285054908"}',1767364851,1767720558);
INSERT INTO "invoices" VALUES('628ab176-ec12-4c94-abcc-4ef16192ad28','e3adcd8c-c9c2-4d43-91de-d1ed0207473e','11-1-211',200000,1741132800,'CODEBASE S.A.','{"id":"11-1-211","number":"11-1-211","amount":200000,"date":"2025-03-05T00:00:00.000Z","description":"CODEBASE S.A.","status":"authorized","cae":"75108590526579","receptor":"CODEBASE S.A.","tipo":"11","cuit":"20285054908"}',1767364994,1767720556);
INSERT INTO "invoices" VALUES('6a638b4b-2889-4376-b736-cce50b4645ce','e3adcd8c-c9c2-4d43-91de-d1ed0207473e','11-1-222',6000000,1754006400,'TALENTSYNC S.A.','{"id":"11-1-222","number":"11-1-222","amount":6000000,"date":"2025-08-01T00:00:00.000Z","description":"TALENTSYNC S.A.","status":"authorized","cae":"75318606554361","receptor":"TALENTSYNC S.A.","tipo":"11","cuit":"20285054908"}',1767364851,1767720559);
INSERT INTO "invoices" VALUES('76cb6c2b-faad-4fea-8356-e590f1e1c72e','e3adcd8c-c9c2-4d43-91de-d1ed0207473e','11-1-232',2000000,1764720000,'GRUPO MERCEL S.A.','{"id":"11-1-232","number":"11-1-232","amount":2000000,"date":"2025-12-03T00:00:00.000Z","description":"GRUPO MERCEL S.A.","status":"authorized","cae":"75498278075129","receptor":"GRUPO MERCEL S.A.","tipo":"11","cuit":"20285054908"}',1767365122,1767720561);
INSERT INTO "invoices" VALUES('821517ff-871d-490d-bc1a-19d09d8469bc','e3adcd8c-c9c2-4d43-91de-d1ed0207473e','11-1-223',1300000,1754265600,'GRUPO MERCEL S.A.','{"id":"11-1-223","number":"11-1-223","amount":1300000,"date":"2025-08-04T00:00:00.000Z","description":"GRUPO MERCEL S.A.","status":"authorized","cae":"75318942417834","receptor":"GRUPO MERCEL S.A.","tipo":"11","cuit":"20285054908"}',1767365122,1767720559);
INSERT INTO "invoices" VALUES('8f8b8301-3dd7-4dcb-a007-10b40542a11e','e3adcd8c-c9c2-4d43-91de-d1ed0207473e','11-1-216',1300000,1746489600,'GRUPO MERCEL S.A.','{"id":"11-1-216","number":"11-1-216","amount":1300000,"date":"2025-05-06T00:00:00.000Z","description":"GRUPO MERCEL S.A.","status":"authorized","cae":"75188985875663","receptor":"GRUPO MERCEL S.A.","tipo":"11","cuit":"20285054908"}',1767364851,1767720557);
INSERT INTO "invoices" VALUES('4e9a49a6-9605-45e2-a285-ad25bcee5da4','b3b5211b-e0fa-4972-93de-c59154f8888f','11-1-149',1150000,1735776000,'GRUPO MERCEL S.A.','{"id":"11-1-149","number":"11-1-149","amount":1150000,"date":"2025-01-02T00:00:00.000Z","description":"GRUPO MERCEL S.A.","status":"authorized","cae":"75016213139117","receptor":"GRUPO MERCEL S.A.","tipo":"11","cuit":"27286080036"}',1767378899,1767378899);
INSERT INTO "invoices" VALUES('9bc73de7-3028-467e-bb64-8eac5f5e8cb4','b3b5211b-e0fa-4972-93de-c59154f8888f','11-1-148',150000,1735776000,'CODEBASE S.A.','{"id":"11-1-148","number":"11-1-148","amount":150000,"date":"2025-01-02T00:00:00.000Z","description":"CODEBASE S.A.","status":"authorized","cae":"75016211104807","receptor":"CODEBASE S.A.","tipo":"11","cuit":"27286080036"}',1767378900,1767378900);
INSERT INTO "invoices" VALUES('68b79d0b-7ba4-4503-ae1c-64bde40b799b','b3b5211b-e0fa-4972-93de-c59154f8888f','11-1-150',2000000,1736726400,'TALENTSYNC S.A.','{"id":"11-1-150","number":"11-1-150","amount":2000000,"date":"2025-01-13T00:00:00.000Z","description":"TALENTSYNC S.A.","status":"authorized","cae":"75046605422767","receptor":"TALENTSYNC S.A.","tipo":"11","cuit":"27286080036"}',1767378900,1767378900);
INSERT INTO "invoices" VALUES('e3d40605-0f93-40c4-bc08-853b0624e898','b3b5211b-e0fa-4972-93de-c59154f8888f','11-1-151',1400000,1738540800,'GRUPO MERCEL S.A.','{"id":"11-1-151","number":"11-1-151","amount":1400000,"date":"2025-02-03T00:00:00.000Z","description":"GRUPO MERCEL S.A.","status":"authorized","cae":"75056996880217","receptor":"GRUPO MERCEL S.A.","tipo":"11","cuit":"27286080036"}',1767378900,1767378900);
INSERT INTO "invoices" VALUES('3bbab617-5b58-4721-a763-f44a0e105ef1','b3b5211b-e0fa-4972-93de-c59154f8888f','11-1-152',150000,1738540800,'CODEBASE S.A.','{"id":"11-1-152","number":"11-1-152","amount":150000,"date":"2025-02-03T00:00:00.000Z","description":"CODEBASE S.A.","status":"authorized","cae":"75056998849910","receptor":"CODEBASE S.A.","tipo":"11","cuit":"27286080036"}',1767378900,1767378900);
INSERT INTO "invoices" VALUES('48af0c65-564b-4830-ae44-f295c02f8e87','b3b5211b-e0fa-4972-93de-c59154f8888f','11-1-153',200000,1741132800,'CODEBASE S.A.','{"id":"11-1-153","number":"11-1-153","amount":200000,"date":"2025-03-05T00:00:00.000Z","description":"CODEBASE S.A.","status":"authorized","cae":"75106592178888","receptor":"CODEBASE S.A.","tipo":"11","cuit":"27286080036"}',1767378900,1767378900);
INSERT INTO "invoices" VALUES('3bb198bf-d254-443b-8a73-aa86fb6a7987','b3b5211b-e0fa-4972-93de-c59154f8888f','11-1-154',1400000,1741132800,'GRUPO MERCEL S.A.','{"id":"11-1-154","number":"11-1-154","amount":1400000,"date":"2025-03-05T00:00:00.000Z","description":"GRUPO MERCEL S.A.","status":"authorized","cae":"75106592423619","receptor":"GRUPO MERCEL S.A.","tipo":"11","cuit":"27286080036"}',1767378900,1767378900);
INSERT INTO "invoices" VALUES('15dd3347-12a4-42ec-a444-17041c51358a','b3b5211b-e0fa-4972-93de-c59154f8888f','11-1-155',671000,1741824000,'TALENTSYNC S.A.','{"id":"11-1-155","number":"11-1-155","amount":671000,"date":"2025-03-13T00:00:00.000Z","description":"TALENTSYNC S.A.","status":"authorized","cae":"75116706905568","receptor":"TALENTSYNC S.A.","tipo":"11","cuit":"27286080036"}',1767378900,1767378900);
INSERT INTO "invoices" VALUES('d30ccdc8-3f5f-40ad-b189-da49ec5e6f71','b3b5211b-e0fa-4972-93de-c59154f8888f','11-1-156',1851081.24,1743465600,'TALENTSYNC S.A.','{"id":"11-1-156","number":"11-1-156","amount":1851081.24,"date":"2025-04-01T00:00:00.000Z","description":"TALENTSYNC S.A.","status":"authorized","cae":"75136880740536","receptor":"TALENTSYNC S.A.","tipo":"11","cuit":"27286080036"}',1767378900,1767378900);
INSERT INTO "invoices" VALUES('d033e9ce-99fd-40a4-a867-c7765342ee9d','b3b5211b-e0fa-4972-93de-c59154f8888f','11-1-157',1400000,1743465600,'GRUPO MERCEL S.A.','{"id":"11-1-157","number":"11-1-157","amount":1400000,"date":"2025-04-01T00:00:00.000Z","description":"GRUPO MERCEL S.A.","status":"authorized","cae":"75136880971360","receptor":"GRUPO MERCEL S.A.","tipo":"11","cuit":"27286080036"}',1767378900,1767378900);
INSERT INTO "invoices" VALUES('0d638374-f9b8-4ac0-a0a0-a2767d6b1855','b3b5211b-e0fa-4972-93de-c59154f8888f','11-1-158',1400000,1746489600,'GRUPO MERCEL S.A.','{"id":"11-1-158","number":"11-1-158","amount":1400000,"date":"2025-05-06T00:00:00.000Z","description":"GRUPO MERCEL S.A.","status":"authorized","cae":"75186985211414","receptor":"GRUPO MERCEL S.A.","tipo":"11","cuit":"27286080036"}',1767378900,1767378900);
INSERT INTO "invoices" VALUES('18ca65ba-7d47-4170-ac1b-07bac3c62d34','b3b5211b-e0fa-4972-93de-c59154f8888f','11-1-159',2531250,1746489600,'TALENTSYNC S.A.','{"id":"11-1-159","number":"11-1-159","amount":2531250,"date":"2025-05-06T00:00:00.000Z","description":"TALENTSYNC S.A.","status":"authorized","cae":"75196737577636","receptor":"TALENTSYNC S.A.","tipo":"11","cuit":"27286080036"}',1767378900,1767378900);
INSERT INTO "invoices" VALUES('ff0656aa-46ea-4d54-8371-94ee04158076','b3b5211b-e0fa-4972-93de-c59154f8888f','11-1-160',1400000,1748736000,'GRUPO MERCEL S.A.','{"id":"11-1-160","number":"11-1-160","amount":1400000,"date":"2025-06-01T00:00:00.000Z","description":"GRUPO MERCEL S.A.","status":"authorized","cae":"75226170202388","receptor":"GRUPO MERCEL S.A.","tipo":"11","cuit":"27286080036"}',1767378900,1767378900);
INSERT INTO "invoices" VALUES('65fb8532-2821-465b-bcf1-78a5ff3a59a8','b3b5211b-e0fa-4972-93de-c59154f8888f','11-1-161',3000000,1748995200,'TALENTSYNC S.A.','{"id":"11-1-161","number":"11-1-161","amount":3000000,"date":"2025-06-04T00:00:00.000Z","description":"TALENTSYNC S.A.","status":"authorized","cae":"75236606434285","receptor":"TALENTSYNC S.A.","tipo":"11","cuit":"27286080036"}',1767378900,1767378900);
INSERT INTO "invoices" VALUES('dfafe39e-25a6-42fb-b3f7-e012739afe71','b3b5211b-e0fa-4972-93de-c59154f8888f','11-1-162',1400000,1751328000,'GRUPO MERCEL S.A.','{"id":"11-1-162","number":"11-1-162","amount":1400000,"date":"2025-07-01T00:00:00.000Z","description":"GRUPO MERCEL S.A.","status":"authorized","cae":"75266740603197","receptor":"GRUPO MERCEL S.A.","tipo":"11","cuit":"27286080036"}',1767378900,1767378900);
INSERT INTO "invoices" VALUES('cf1e711d-9998-49b5-98e4-4f699d68df66','b3b5211b-e0fa-4972-93de-c59154f8888f','11-1-163',3375000,1752105600,'TALENTSYNC S.A.','{"id":"11-1-163","number":"11-1-163","amount":3375000,"date":"2025-07-10T00:00:00.000Z","description":"TALENTSYNC S.A.","status":"authorized","cae":"75286932692911","receptor":"TALENTSYNC S.A.","tipo":"11","cuit":"27286080036"}',1767378900,1767378900);
INSERT INTO "invoices" VALUES('9b141b1f-08e9-426c-a3ce-f23ce7c1288d','b3b5211b-e0fa-4972-93de-c59154f8888f','11-1-164',3750000,1752105600,'TALENTSYNC S.A.','{"id":"11-1-164","number":"11-1-164","amount":3750000,"date":"2025-07-10T00:00:00.000Z","description":"TALENTSYNC S.A.","status":"authorized","cae":"75286936436797","receptor":"TALENTSYNC S.A.","tipo":"11","cuit":"27286080036"}',1767378900,1767378900);
INSERT INTO "invoices" VALUES('c9e8d663-234f-4877-8bb3-4e609fdc969c','b3b5211b-e0fa-4972-93de-c59154f8888f','13-1-4',375000,1752105600,'TALENTSYNC S.A.','{"id":"13-1-4","number":"13-1-4","amount":375000,"date":"2025-07-10T00:00:00.000Z","description":"TALENTSYNC S.A.","status":"authorized","cae":"75286933740954","receptor":"TALENTSYNC S.A.","tipo":"13","cuit":"27286080036"}',1767378900,1767378900);
INSERT INTO "invoices" VALUES('acd502ef-2a97-49c6-ac8b-8e9562c307fa','b3b5211b-e0fa-4972-93de-c59154f8888f','13-1-5',3000000,1752105600,'TALENTSYNC S.A.','{"id":"13-1-5","number":"13-1-5","amount":3000000,"date":"2025-07-10T00:00:00.000Z","description":"TALENTSYNC S.A.","status":"authorized","cae":"75286936285967","receptor":"TALENTSYNC S.A.","tipo":"13","cuit":"27286080036"}',1767378900,1767378900);
INSERT INTO "invoices" VALUES('fe1b0df6-8962-4d4c-a3b1-78ae36db6099','b3b5211b-e0fa-4972-93de-c59154f8888f','11-1-165',4500000,1754006400,'TALENTSYNC S.A.','{"id":"11-1-165","number":"11-1-165","amount":4500000,"date":"2025-08-01T00:00:00.000Z","description":"TALENTSYNC S.A.","status":"authorized","cae":"75316606699783","receptor":"TALENTSYNC S.A.","tipo":"11","cuit":"27286080036"}',1767378900,1767378900);
INSERT INTO "invoices" VALUES('9c924923-2aa7-4fd1-b0ac-e9596dafe777','b3b5211b-e0fa-4972-93de-c59154f8888f','11-1-166',1400000,1754265600,'GRUPO MERCEL S.A.','{"id":"11-1-166","number":"11-1-166","amount":1400000,"date":"2025-08-04T00:00:00.000Z","description":"GRUPO MERCEL S.A.","status":"authorized","cae":"75316942788276","receptor":"GRUPO MERCEL S.A.","tipo":"11","cuit":"27286080036"}',1767378900,1767378900);
INSERT INTO "invoices" VALUES('35e90fe1-51d7-4a86-af61-c8a108083c67','b3b5211b-e0fa-4972-93de-c59154f8888f','11-1-167',3750000,1756684800,'TALENTSYNC S.A.','{"id":"11-1-167","number":"11-1-167","amount":3750000,"date":"2025-09-01T00:00:00.000Z","description":"TALENTSYNC S.A.","status":"authorized","cae":"75356407904156","receptor":"TALENTSYNC S.A.","tipo":"11","cuit":"27286080036"}',1767378900,1767378900);
INSERT INTO "invoices" VALUES('4910d92c-4699-4490-a086-b10a4a0b6896','b3b5211b-e0fa-4972-93de-c59154f8888f','11-1-168',1400000,1756684800,'GRUPO MERCEL S.A.','{"id":"11-1-168","number":"11-1-168","amount":1400000,"date":"2025-09-01T00:00:00.000Z","description":"GRUPO MERCEL S.A.","status":"authorized","cae":"75356408095754","receptor":"GRUPO MERCEL S.A.","tipo":"11","cuit":"27286080036"}',1767378900,1767378900);
INSERT INTO "invoices" VALUES('2dc3f231-47f3-49a8-abeb-682262341d55','b3b5211b-e0fa-4972-93de-c59154f8888f','11-1-169',6120000,1757462400,'KUAA S.A.','{"id":"11-1-169","number":"11-1-169","amount":6120000,"date":"2025-09-10T00:00:00.000Z","description":"KUAA S.A.","status":"authorized","cae":"75376639542735","receptor":"KUAA S.A.","tipo":"11","cuit":"27286080036"}',1767378900,1767378900);
INSERT INTO "invoices" VALUES('0d5df32f-c884-4501-99c1-d5fec8bc4ff6','b3b5211b-e0fa-4972-93de-c59154f8888f','11-1-170',27000000,1758499200,'KUAA S.A.','{"id":"11-1-170","number":"11-1-170","amount":27000000,"date":"2025-09-22T00:00:00.000Z","description":"KUAA S.A.","status":"authorized","cae":"75396541278717","receptor":"KUAA S.A.","tipo":"11","cuit":"27286080036"}',1767378900,1767378900);
INSERT INTO "invoices" VALUES('7a65743e-8bca-4a44-aacf-84ea216bbb82','b3b5211b-e0fa-4972-93de-c59154f8888f','11-1-171',3750000,1759795200,'TALENTSYNC S.A.','{"id":"11-1-171","number":"11-1-171","amount":3750000,"date":"2025-10-07T00:00:00.000Z","description":"TALENTSYNC S.A.","status":"authorized","cae":"75406978872091","receptor":"TALENTSYNC S.A.","tipo":"11","cuit":"27286080036"}',1767378900,1767378900);
INSERT INTO "invoices" VALUES('96af6561-5d3c-48eb-83fb-f9d94c162d23','b3b5211b-e0fa-4972-93de-c59154f8888f','11-1-172',3000000,1762128000,'KUAA S.A.','{"id":"11-1-172","number":"11-1-172","amount":3000000,"date":"2025-11-03T00:00:00.000Z","description":"KUAA S.A.","status":"authorized","cae":"75446307668241","receptor":"KUAA S.A.","tipo":"11","cuit":"27286080036"}',1767378900,1767378900);
INSERT INTO "invoices" VALUES('c427d7b4-8d70-44fd-ac28-eb2a127ddc26','b3b5211b-e0fa-4972-93de-c59154f8888f','11-1-173',1820000,1763251200,'TALENTSYNC S.A.','{"id":"11-1-173","number":"11-1-173","amount":1820000,"date":"2025-11-16T00:00:00.000Z","description":"TALENTSYNC S.A.","status":"authorized","cae":"75466109065377","receptor":"TALENTSYNC S.A.","tipo":"11","cuit":"27286080036"}',1767378900,1767378900);
INSERT INTO "invoices" VALUES('bc627b27-a750-4503-a403-78a889af70cd','b3b5211b-e0fa-4972-93de-c59154f8888f','11-1-174',3000000,1764547200,'KUAA S.A.','{"id":"11-1-174","number":"11-1-174","amount":3000000,"date":"2025-12-01T00:00:00.000Z","description":"KUAA S.A.","status":"authorized","cae":"75486979751571","receptor":"KUAA S.A.","tipo":"11","cuit":"27286080036"}',1767378900,1767378900);
INSERT INTO "invoices" VALUES('3fdc2164-6c4a-4fef-a4af-c9155b3ab5de','b3b5211b-e0fa-4972-93de-c59154f8888f','11-1-175',1921250,1764547200,'TALENTSYNC S.A.','{"id":"11-1-175","number":"11-1-175","amount":1921250,"date":"2025-12-01T00:00:00.000Z","description":"TALENTSYNC S.A.","status":"authorized","cae":"75486044390146","receptor":"TALENTSYNC S.A.","tipo":"11","cuit":"27286080036"}',1767378900,1767378900);
INSERT INTO "invoices" VALUES('c0cb6ada-c68f-4235-93cc-a14f03cc906f','b3b5211b-e0fa-4972-93de-c59154f8888f','11-1-176',5100000,1766361600,'TALENTSYNC S.A.','{"id":"11-1-176","number":"11-1-176","amount":5100000,"date":"2025-12-22T00:00:00.000Z","description":"TALENTSYNC S.A.","status":"authorized","cae":"75516848806155","receptor":"TALENTSYNC S.A.","tipo":"11","cuit":"27286080036"}',1767378900,1767378900);
INSERT INTO "invoices" VALUES('644584d6-1298-49bf-aae0-30bf287320e9','e3adcd8c-c9c2-4d43-91de-d1ed0207473e','11-1-234',4600000,1767312000,'GRUPO MERCEL S.A.','{"id":"11-1-234","number":"11-1-234","amount":4600000,"date":"2026-01-02T00:00:00.000Z","description":"GRUPO MERCEL S.A.","status":"authorized","cae":"76018205362528","receptor":"GRUPO MERCEL S.A.","tipo":"11","cuit":"20285054908"}',1767720403,1767720701);
INSERT INTO "invoices" VALUES('60761f0a-c667-44da-9640-451eac16746a','e3adcd8c-c9c2-4d43-91de-d1ed0207473e','11-1-188',200000,1704153600,'GRUPO MERCEL S.A.','{"id":"11-1-188","number":"11-1-188","amount":200000,"date":"2024-01-02T00:00:00.000Z","description":"GRUPO MERCEL S.A.","status":"authorized","cae":"74018567006596","receptor":"GRUPO MERCEL S.A.","tipo":"11","cuit":"20285054908"}',1767720452,1767720452);
INSERT INTO "invoices" VALUES('9656197c-5b5f-419a-9f84-807a24fa8dd6','e3adcd8c-c9c2-4d43-91de-d1ed0207473e','11-1-189',190000,1704153600,'CODEBASE S.A.','{"id":"11-1-189","number":"11-1-189","amount":190000,"date":"2024-01-02T00:00:00.000Z","description":"CODEBASE S.A.","status":"authorized","cae":"74018567148157","receptor":"CODEBASE S.A.","tipo":"11","cuit":"20285054908"}',1767720453,1767720453);
INSERT INTO "invoices" VALUES('01e3648f-b001-40ef-968f-4c09e2730c2c','e3adcd8c-c9c2-4d43-91de-d1ed0207473e','11-1-190',850000,1706745600,'GRUPO MERCEL S.A.','{"id":"11-1-190","number":"11-1-190","amount":850000,"date":"2024-02-01T00:00:00.000Z","description":"GRUPO MERCEL S.A.","status":"authorized","cae":"74058939584174","receptor":"GRUPO MERCEL S.A.","tipo":"11","cuit":"20285054908"}',1767720453,1767720453);
INSERT INTO "invoices" VALUES('7ab7cf7c-5ae4-41be-aa43-6da0028ea339','e3adcd8c-c9c2-4d43-91de-d1ed0207473e','11-1-191',850000,1709251200,'GRUPO MERCEL S.A.','{"id":"11-1-191","number":"11-1-191","amount":850000,"date":"2024-03-01T00:00:00.000Z","description":"GRUPO MERCEL S.A.","status":"authorized","cae":"74098081037468","receptor":"GRUPO MERCEL S.A.","tipo":"11","cuit":"20285054908"}',1767720453,1767720453);
INSERT INTO "invoices" VALUES('b19d58d2-f60b-4abe-a1ba-2e7b8bb9a814','e3adcd8c-c9c2-4d43-91de-d1ed0207473e','11-1-192',850000,1712016000,'GRUPO MERCEL S.A.','{"id":"11-1-192","number":"11-1-192","amount":850000,"date":"2024-04-02T00:00:00.000Z","description":"GRUPO MERCEL S.A.","status":"authorized","cae":"74148496787318","receptor":"GRUPO MERCEL S.A.","tipo":"11","cuit":"20285054908"}',1767720453,1767720453);
INSERT INTO "invoices" VALUES('8140204c-459c-4e3d-93ab-6028e771f921','e3adcd8c-c9c2-4d43-91de-d1ed0207473e','11-1-193',915000,1714694400,'GRUPO MERCEL S.A.','{"id":"11-1-193","number":"11-1-193","amount":915000,"date":"2024-05-03T00:00:00.000Z","description":"GRUPO MERCEL S.A.","status":"authorized","cae":"74188857593794","receptor":"GRUPO MERCEL S.A.","tipo":"11","cuit":"20285054908"}',1767720454,1767720454);
INSERT INTO "invoices" VALUES('690262b3-fc24-47f3-a664-3ee4c9383095','e3adcd8c-c9c2-4d43-91de-d1ed0207473e','11-1-194',850000,1717372800,'GRUPO MERCEL S.A.','{"id":"11-1-194","number":"11-1-194","amount":850000,"date":"2024-06-03T00:00:00.000Z","description":"GRUPO MERCEL S.A.","status":"authorized","cae":"74238183716577","receptor":"GRUPO MERCEL S.A.","tipo":"11","cuit":"20285054908"}',1767720454,1767720454);
INSERT INTO "invoices" VALUES('66080e84-b990-4da9-a003-97a7c53440de','e3adcd8c-c9c2-4d43-91de-d1ed0207473e','11-1-195',100000,1719792000,'CODEBASE S.A.','{"id":"11-1-195","number":"11-1-195","amount":100000,"date":"2024-07-01T00:00:00.000Z","description":"CODEBASE S.A.","status":"authorized","cae":"74278331208228","receptor":"CODEBASE S.A.","tipo":"11","cuit":"20285054908"}',1767720454,1767720454);
INSERT INTO "invoices" VALUES('d6548ab2-9ab8-4dda-b9f0-21247d7f9e9c','e3adcd8c-c9c2-4d43-91de-d1ed0207473e','11-1-196',850000,1719792000,'GRUPO MERCEL S.A.','{"id":"11-1-196","number":"11-1-196","amount":850000,"date":"2024-07-01T00:00:00.000Z","description":"GRUPO MERCEL S.A.","status":"authorized","cae":"74278331445221","receptor":"GRUPO MERCEL S.A.","tipo":"11","cuit":"20285054908"}',1767720455,1767720455);
INSERT INTO "invoices" VALUES('36e4550f-6a45-4fad-9fbf-c48906f83479','e3adcd8c-c9c2-4d43-91de-d1ed0207473e','11-1-197',100000,1722816000,'CODEBASE S.A.','{"id":"11-1-197","number":"11-1-197","amount":100000,"date":"2024-08-05T00:00:00.000Z","description":"CODEBASE S.A.","status":"authorized","cae":"74328343840391","receptor":"CODEBASE S.A.","tipo":"11","cuit":"20285054908"}',1767720455,1767720455);
INSERT INTO "invoices" VALUES('74547854-bdaa-41d8-b500-ccf4a7b0bab4','e3adcd8c-c9c2-4d43-91de-d1ed0207473e','11-1-198',1050000,1722816000,'GRUPO MERCEL S.A.','{"id":"11-1-198","number":"11-1-198","amount":1050000,"date":"2024-08-05T00:00:00.000Z","description":"GRUPO MERCEL S.A.","status":"authorized","cae":"74328344317044","receptor":"GRUPO MERCEL S.A.","tipo":"11","cuit":"20285054908"}',1767720455,1767720455);
INSERT INTO "invoices" VALUES('6d502264-82ff-437e-aadd-a464188a17e1','e3adcd8c-c9c2-4d43-91de-d1ed0207473e','11-1-199',1100000,1725235200,'GRUPO MERCEL S.A.','{"id":"11-1-199","number":"11-1-199","amount":1100000,"date":"2024-09-02T00:00:00.000Z","description":"GRUPO MERCEL S.A.","status":"authorized","cae":"74368533167303","receptor":"GRUPO MERCEL S.A.","tipo":"11","cuit":"20285054908"}',1767720455,1767720455);
INSERT INTO "invoices" VALUES('8d1fd7b6-8cd6-4bd7-bf88-783f68312f28','e3adcd8c-c9c2-4d43-91de-d1ed0207473e','11-1-200',150000,1725235200,'CODEBASE S.A.','{"id":"11-1-200","number":"11-1-200","amount":150000,"date":"2024-09-02T00:00:00.000Z","description":"CODEBASE S.A.","status":"authorized","cae":"74368533324064","receptor":"CODEBASE S.A.","tipo":"11","cuit":"20285054908"}',1767720456,1767720456);
INSERT INTO "invoices" VALUES('4b040c01-a833-497d-ba1a-7cb61bfd4b9f','e3adcd8c-c9c2-4d43-91de-d1ed0207473e','11-1-201',120000,1727740800,'CODEBASE S.A.','{"id":"11-1-201","number":"11-1-201","amount":120000,"date":"2024-10-01T00:00:00.000Z","description":"CODEBASE S.A.","status":"authorized","cae":"74408843115556","receptor":"CODEBASE S.A.","tipo":"11","cuit":"20285054908"}',1767720456,1767720456);
INSERT INTO "invoices" VALUES('8f1e957f-9094-43cf-a834-fd587310aa8c','e3adcd8c-c9c2-4d43-91de-d1ed0207473e','11-1-202',1000000,1727740800,'GRUPO MERCEL S.A.','{"id":"11-1-202","number":"11-1-202","amount":1000000,"date":"2024-10-01T00:00:00.000Z","description":"GRUPO MERCEL S.A.","status":"authorized","cae":"74408843162053","receptor":"GRUPO MERCEL S.A.","tipo":"11","cuit":"20285054908"}',1767720456,1767720456);
INSERT INTO "invoices" VALUES('6443ef96-cc0f-4bf5-a0c2-30d69a551ca1','e3adcd8c-c9c2-4d43-91de-d1ed0207473e','11-1-203',1100000,1730419200,'GRUPO MERCEL S.A.','{"id":"11-1-203","number":"11-1-203","amount":1100000,"date":"2024-11-01T00:00:00.000Z","description":"GRUPO MERCEL S.A.","status":"authorized","cae":"74448630454897","receptor":"GRUPO MERCEL S.A.","tipo":"11","cuit":"20285054908"}',1767720457,1767720457);
INSERT INTO "invoices" VALUES('21ce9981-a298-4002-9a88-f46cd878c0db','e3adcd8c-c9c2-4d43-91de-d1ed0207473e','11-1-204',200000,1733097600,'CODEBASE S.A.','{"id":"11-1-204","number":"11-1-204","amount":200000,"date":"2024-12-02T00:00:00.000Z","description":"CODEBASE S.A.","status":"authorized","cae":"74498330718725","receptor":"CODEBASE S.A.","tipo":"11","cuit":"20285054908"}',1767720457,1767720457);
INSERT INTO "invoices" VALUES('1bd3b059-f688-41e1-b3f1-cf9a7befcd76','e3adcd8c-c9c2-4d43-91de-d1ed0207473e','11-1-205',1100000,1733097600,'GRUPO MERCEL S.A.','{"id":"11-1-205","number":"11-1-205","amount":1100000,"date":"2024-12-02T00:00:00.000Z","description":"GRUPO MERCEL S.A.","status":"authorized","cae":"74498331149342","receptor":"GRUPO MERCEL S.A.","tipo":"11","cuit":"20285054908"}',1767720457,1767720457);
INSERT INTO "invoices" VALUES('a8befeab-ba28-468e-b1d8-32351284ba6d','e3adcd8c-c9c2-4d43-91de-d1ed0207473e','11-1-207',1100000,1735776000,'GRUPO MERCEL S.A.','{"id":"11-1-207","number":"11-1-207","amount":1100000,"date":"2025-01-02T00:00:00.000Z","description":"GRUPO MERCEL S.A.","status":"authorized","cae":"75018208617704","receptor":"GRUPO MERCEL S.A.","tipo":"11","cuit":"20285054908"}',1767720554,1767720554);
INSERT INTO "invoices" VALUES('9149ede1-ecb5-4f52-a5cd-697858eb4430','e3adcd8c-c9c2-4d43-91de-d1ed0207473e','11-1-206',200000,1735776000,'CODEBASE S.A.','{"id":"11-1-206","number":"11-1-206","amount":200000,"date":"2025-01-02T00:00:00.000Z","description":"CODEBASE S.A.","status":"authorized","cae":"75018208257868","receptor":"CODEBASE S.A.","tipo":"11","cuit":"20285054908"}',1767720554,1767720554);
INSERT INTO "invoices" VALUES('45d47aab-1736-419a-800e-dc13777c3f69','b3b5211b-e0fa-4972-93de-c59154f8888f','11-1-130',520000,1704153600,'GRUPO MERCEL S.A.','{"id":"11-1-130","number":"11-1-130","amount":520000,"date":"2024-01-02T00:00:00.000Z","description":"GRUPO MERCEL S.A.","status":"authorized","cae":"74016567724959","receptor":"GRUPO MERCEL S.A.","tipo":"11","cuit":"27286080036"}',1767723423,1767723423);
INSERT INTO "invoices" VALUES('e2245767-6d97-40fa-b0c2-a017163fffda','b3b5211b-e0fa-4972-93de-c59154f8888f','11-1-131',190000,1704153600,'CODEBASE S.A.','{"id":"11-1-131","number":"11-1-131","amount":190000,"date":"2024-01-02T00:00:00.000Z","description":"CODEBASE S.A.","status":"authorized","cae":"74016568455917","receptor":"CODEBASE S.A.","tipo":"11","cuit":"27286080036"}',1767723423,1767723423);
INSERT INTO "invoices" VALUES('8d9ee017-0ded-41f9-84f1-8d2d188fdccd','b3b5211b-e0fa-4972-93de-c59154f8888f','11-1-132',900000,1706745600,'GRUPO MERCEL S.A.','{"id":"11-1-132","number":"11-1-132","amount":900000,"date":"2024-02-01T00:00:00.000Z","description":"GRUPO MERCEL S.A.","status":"authorized","cae":"74056939900194","receptor":"GRUPO MERCEL S.A.","tipo":"11","cuit":"27286080036"}',1767723423,1767723423);
INSERT INTO "invoices" VALUES('a994d772-38c0-4c52-b1c0-475b64590242','b3b5211b-e0fa-4972-93de-c59154f8888f','11-1-133',900000,1709251200,'GRUPO MERCEL S.A.','{"id":"11-1-133","number":"11-1-133","amount":900000,"date":"2024-03-01T00:00:00.000Z","description":"GRUPO MERCEL S.A.","status":"authorized","cae":"74096167042583","receptor":"GRUPO MERCEL S.A.","tipo":"11","cuit":"27286080036"}',1767723423,1767723423);
INSERT INTO "invoices" VALUES('c9bc0c05-d727-455a-bfbe-2100263b424e','b3b5211b-e0fa-4972-93de-c59154f8888f','11-1-134',900000,1712016000,'GRUPO MERCEL S.A.','{"id":"11-1-134","number":"11-1-134","amount":900000,"date":"2024-04-02T00:00:00.000Z","description":"GRUPO MERCEL S.A.","status":"authorized","cae":"74146497109872","receptor":"GRUPO MERCEL S.A.","tipo":"11","cuit":"27286080036"}',1767723424,1767723424);
INSERT INTO "invoices" VALUES('a9188714-d540-4cee-b1c7-e3e4e2e1969f','b3b5211b-e0fa-4972-93de-c59154f8888f','11-1-135',965000,1714694400,'GRUPO MERCEL S.A.','{"id":"11-1-135","number":"11-1-135","amount":965000,"date":"2024-05-03T00:00:00.000Z","description":"GRUPO MERCEL S.A.","status":"authorized","cae":"74186857837444","receptor":"GRUPO MERCEL S.A.","tipo":"11","cuit":"27286080036"}',1767723424,1767723424);
INSERT INTO "invoices" VALUES('0dd413b3-7220-4fa9-94ab-cf569ca214da','b3b5211b-e0fa-4972-93de-c59154f8888f','11-1-136',900000,1717372800,'GRUPO MERCEL S.A.','{"id":"11-1-136","number":"11-1-136","amount":900000,"date":"2024-06-03T00:00:00.000Z","description":"GRUPO MERCEL S.A.","status":"authorized","cae":"74236183910671","receptor":"GRUPO MERCEL S.A.","tipo":"11","cuit":"27286080036"}',1767723424,1767723424);
INSERT INTO "invoices" VALUES('d39f7652-aa42-413d-bd81-c32c7c725469','b3b5211b-e0fa-4972-93de-c59154f8888f','11-1-137',100000,1719792000,'CODEBASE S.A.','{"id":"11-1-137","number":"11-1-137","amount":100000,"date":"2024-07-01T00:00:00.000Z","description":"CODEBASE S.A.","status":"authorized","cae":"74276331652342","receptor":"CODEBASE S.A.","tipo":"11","cuit":"27286080036"}',1767723425,1767723425);
INSERT INTO "invoices" VALUES('698d085d-3537-4581-b432-f87ccff3aaa3','b3b5211b-e0fa-4972-93de-c59154f8888f','11-1-138',900000,1719792000,'GRUPO MERCEL S.A.','{"id":"11-1-138","number":"11-1-138","amount":900000,"date":"2024-07-01T00:00:00.000Z","description":"GRUPO MERCEL S.A.","status":"authorized","cae":"74276331931024","receptor":"GRUPO MERCEL S.A.","tipo":"11","cuit":"27286080036"}',1767723425,1767723425);
INSERT INTO "invoices" VALUES('b5e1231b-2c83-4649-bd85-1be184387997','b3b5211b-e0fa-4972-93de-c59154f8888f','11-1-139',100000,1722816000,'CODEBASE S.A.','{"id":"11-1-139","number":"11-1-139","amount":100000,"date":"2024-08-05T00:00:00.000Z","description":"CODEBASE S.A.","status":"authorized","cae":"74326344595748","receptor":"CODEBASE S.A.","tipo":"11","cuit":"27286080036"}',1767723425,1767723425);
INSERT INTO "invoices" VALUES('eb987bd8-0c75-489a-8b38-dfc9df9aab91','b3b5211b-e0fa-4972-93de-c59154f8888f','11-1-140',950000,1722816000,'GRUPO MERCEL S.A.','{"id":"11-1-140","number":"11-1-140","amount":950000,"date":"2024-08-05T00:00:00.000Z","description":"GRUPO MERCEL S.A.","status":"authorized","cae":"74326344791811","receptor":"GRUPO MERCEL S.A.","tipo":"11","cuit":"27286080036"}',1767723425,1767723425);
INSERT INTO "invoices" VALUES('debe0211-44e3-41ba-a716-e5c3a2ce6a82','b3b5211b-e0fa-4972-93de-c59154f8888f','11-1-141',900000,1725235200,'GRUPO MERCEL S.A.','{"id":"11-1-141","number":"11-1-141","amount":900000,"date":"2024-09-02T00:00:00.000Z","description":"GRUPO MERCEL S.A.","status":"authorized","cae":"74366534160055","receptor":"GRUPO MERCEL S.A.","tipo":"11","cuit":"27286080036"}',1767723426,1767723426);
INSERT INTO "invoices" VALUES('3467f462-ed9f-4ee5-bd24-ef9cec46b393','b3b5211b-e0fa-4972-93de-c59154f8888f','11-1-142',150000,1725235200,'CODEBASE S.A.','{"id":"11-1-142","number":"11-1-142","amount":150000,"date":"2024-09-02T00:00:00.000Z","description":"CODEBASE S.A.","status":"authorized","cae":"74366534342953","receptor":"CODEBASE S.A.","tipo":"11","cuit":"27286080036"}',1767723426,1767723426);
INSERT INTO "invoices" VALUES('eef3afd1-f911-4e24-a9a4-dc3b6772abb1','b3b5211b-e0fa-4972-93de-c59154f8888f','11-1-143',120000,1727740800,'CODEBASE S.A.','{"id":"11-1-143","number":"11-1-143","amount":120000,"date":"2024-10-01T00:00:00.000Z","description":"CODEBASE S.A.","status":"authorized","cae":"74406843197865","receptor":"CODEBASE S.A.","tipo":"11","cuit":"27286080036"}',1767723426,1767723426);
INSERT INTO "invoices" VALUES('14b7ab73-0c4e-4f43-825c-0b6ade16cc64','b3b5211b-e0fa-4972-93de-c59154f8888f','11-1-144',1000000,1727740800,'GRUPO MERCEL S.A.','{"id":"11-1-144","number":"11-1-144","amount":1000000,"date":"2024-10-01T00:00:00.000Z","description":"GRUPO MERCEL S.A.","status":"authorized","cae":"74406843224698","receptor":"GRUPO MERCEL S.A.","tipo":"11","cuit":"27286080036"}',1767723426,1767723426);
INSERT INTO "invoices" VALUES('ee9fb353-382b-4035-ae2e-5a0b22ef3a80','b3b5211b-e0fa-4972-93de-c59154f8888f','11-1-145',1150000,1730419200,'GRUPO MERCEL S.A.','{"id":"11-1-145","number":"11-1-145","amount":1150000,"date":"2024-11-01T00:00:00.000Z","description":"GRUPO MERCEL S.A.","status":"authorized","cae":"74446629862807","receptor":"GRUPO MERCEL S.A.","tipo":"11","cuit":"27286080036"}',1767723427,1767723427);
INSERT INTO "invoices" VALUES('e25a3f44-69db-4238-9098-f0fe0681065b','b3b5211b-e0fa-4972-93de-c59154f8888f','11-1-146',200000,1733097600,'CODEBASE S.A.','{"id":"11-1-146","number":"11-1-146","amount":200000,"date":"2024-12-02T00:00:00.000Z","description":"CODEBASE S.A.","status":"authorized","cae":"74496331373699","receptor":"CODEBASE S.A.","tipo":"11","cuit":"27286080036"}',1767723427,1767723427);
INSERT INTO "invoices" VALUES('260f76f6-82df-44e7-b192-1422d3090cd5','b3b5211b-e0fa-4972-93de-c59154f8888f','11-1-147',1150000,1733097600,'GRUPO MERCEL S.A.','{"id":"11-1-147","number":"11-1-147","amount":1150000,"date":"2024-12-02T00:00:00.000Z","description":"GRUPO MERCEL S.A.","status":"authorized","cae":"74496331579966","receptor":"GRUPO MERCEL S.A.","tipo":"11","cuit":"27286080036"}',1767723427,1767723427);
CREATE TABLE invoice_templates (
  id TEXT PRIMARY KEY,
  arca_account_id TEXT NOT NULL,
  description TEXT NOT NULL,
  default_amount REAL,
  created_at INTEGER NOT NULL DEFAULT (unixepoch()),
  FOREIGN KEY (arca_account_id) REFERENCES arca_accounts(id) ON DELETE CASCADE
);
CREATE TABLE billing_limits (
  arca_account_id TEXT PRIMARY KEY,
  category TEXT NOT NULL, 
  limit_amount REAL NOT NULL,
  alert_threshold REAL NOT NULL DEFAULT 0.8, next_due_amount REAL, next_due_date TEXT, billing_update_date TEXT, billed_amount REAL, 
  FOREIGN KEY (arca_account_id) REFERENCES arca_accounts(id) ON DELETE CASCADE
);
INSERT INTO "billing_limits" VALUES('e3adcd8c-c9c2-4d43-91de-d1ed0207473e','I',68664410.05,0.95,NULL,NULL,NULL,NULL);
INSERT INTO "billing_limits" VALUES('b3b5211b-e0fa-4972-93de-c59154f8888f','K',94805682.9,0.95,NULL,NULL,NULL,NULL);
CREATE TABLE category_history (
  id TEXT PRIMARY KEY,
  arca_account_id TEXT NOT NULL,
  period TEXT NOT NULL,              -- Formato: "2026-01" (Enero 2026) o "2025-07" (Julio 2025)
  category TEXT NOT NULL,            -- A, B, C, D, E, F, G, H, I, J, K
  total_billed INTEGER,              -- Total facturado en ese perodo (opcional, para registro)
  notes TEXT,                        -- Notas opcionales
  created_at INTEGER DEFAULT (strftime('%s', 'now')),
  updated_at INTEGER DEFAULT (strftime('%s', 'now')),
  FOREIGN KEY (arca_account_id) REFERENCES arca_accounts(id) ON DELETE CASCADE,
  UNIQUE(arca_account_id, period)
);
INSERT INTO "category_history" VALUES('6db23202-1106-4ac5-b4c7-96f205e4bdb4','e3adcd8c-c9c2-4d43-91de-d1ed0207473e','2024-07','A',4705000,NULL,1767720732,1767720732);
INSERT INTO "category_history" VALUES('01917ac6-17e2-453e-b0b8-ef0d320a8751','e3adcd8c-c9c2-4d43-91de-d1ed0207473e','2025-01','B',11575000,NULL,1767720982,1767720982);
INSERT INTO "category_history" VALUES('de7f54e7-b45a-445d-8314-83791fbbb5d9','e3adcd8c-c9c2-4d43-91de-d1ed0207473e','2025-07','F',27746081,NULL,1767721003,1767721003);
INSERT INTO "category_history" VALUES('5f329d6e-b78b-4c8d-826f-bf15b61a368d','b3b5211b-e0fa-4972-93de-c59154f8888f','2024-07','A',5275000,NULL,1767723697,1767723697);
INSERT INTO "category_history" VALUES('2ce20b8c-d418-4f35-b9de-42e044e2b50c','b3b5211b-e0fa-4972-93de-c59154f8888f','2025-01','B',11995000,NULL,1767723716,1767723716);
INSERT INTO "category_history" VALUES('9e50e56f-171c-4997-ad61-9c5e1eb6f686','b3b5211b-e0fa-4972-93de-c59154f8888f','2025-07','E',25423331,NULL,1767723733,1767723733);
CREATE TABLE monotributo_limits_history (
  id TEXT PRIMARY KEY,
  period TEXT NOT NULL UNIQUE,       -- Formato: "2026-01" o "2025-07"
  valid_from INTEGER NOT NULL,       -- Fecha desde la que aplican (timestamp)
  valid_until INTEGER,               -- Fecha hasta la que aplican (null = vigente)
  limits_json TEXT NOT NULL,         -- JSON con lmites por categora {"A": 8992597.87, "B": 13175201.52, ...}
  source TEXT,                       -- Fuente: "AFIP", "manual", etc.
  notes TEXT,                        -- Notas opcionales (ej: "Actualizacin por IPC")
  created_at INTEGER DEFAULT (strftime('%s', 'now'))
);
INSERT INTO "monotributo_limits_history" VALUES('limits-2024-01','2024-01',1704067200,NULL,'{"A":6450000,"B":9450000,"C":13250000,"D":16450000,"E":19350000,"F":24250000,"G":29000000,"H":44000000,"I":49250000,"J":56400000,"K":68000000}','AFIP','Categoras vigentes Enero-Julio 2024',1767720892);
INSERT INTO "monotributo_limits_history" VALUES('limits-2024-07','2024-07',1722470400,NULL,'{"A":6450000,"B":9450000,"C":13250000,"D":16450000,"E":19350000,"F":24250000,"G":29000000,"H":44000000,"I":49250000,"J":56400000,"K":68000000}','AFIP','Categoras vigentes Agosto 2024 - Enero 2025',1767720892);
INSERT INTO "monotributo_limits_history" VALUES('limits-2025-01','2025-01',1738368000,NULL,'{"A":7813063.45,"B":11447046.44,"C":16050091.57,"D":19926340.10,"E":23439190.34,"F":29374695.90,"G":35128502.31,"H":53298417.30,"I":59657887.55,"J":68318880.36,"K":82370281.28}','AFIP','Categoras vigentes Febrero-Julio 2025',1767720892);
INSERT INTO "monotributo_limits_history" VALUES('limits-2025-07','2025-07',1754006400,NULL,'{"A":8992597.87,"B":13175201.52,"C":18473166.15,"D":22934610.05,"E":26977793.60,"F":33809379.57,"G":40431835.35,"H":61344853.64,"I":68664410.05,"J":78632948.76,"K":94805682.90}','AFIP','Categoras vigentes Agosto 2025 - Enero 2026 (actuales)',1767720892);
DELETE FROM sqlite_sequence;
INSERT INTO "sqlite_sequence" VALUES('d1_migrations',3);
CREATE INDEX idx_invoices_account_date ON invoices(arca_account_id, date DESC);
CREATE INDEX idx_invoices_date ON invoices(date DESC);
CREATE INDEX idx_arca_accounts_user ON arca_accounts(user_id);
CREATE INDEX idx_arca_accounts_user_default ON arca_accounts(user_id, is_default);
CREATE INDEX idx_category_history_account ON category_history(arca_account_id);
CREATE INDEX idx_category_history_period ON category_history(period);
CREATE INDEX idx_limits_history_valid_from ON monotributo_limits_history(valid_from);
